episode,epsilon,_EpisodeLog__start_time,reward,steps,time
0,1.0,1684061228.3314652,-28.42999999999991,191,27.577582836151123
1,0.999,1684061256.0557907,-29.639999999999883,222,38.75702619552612
