episode,epsilon,_EpisodeLog__start_time,reward,steps,time
0,1.0,1684071865.6825628,-29.049999999999912,207,30.15301012992859
