episode,epsilon,_EpisodeLog__start_time,reward,steps,time
0,1.0,1684066363.0222313,-29.639999999999898,222,22.852941751480103
